date,admin1,admin2,market,market_id,latitude,longitude,category,commodity,commodity_id,unit,priceflag,pricetype,currency,price,usdprice
2025-01-15,Tehran,Tehran,Tehran Market,1652,35.72,51.4,oil and fats,Oil (sunflower),184,810 G,actual,Retail,IRR,580000.0,13.81
2026-03-15,Tehran,Tehran,Tehran Market,1652,35.72,51.4,"meat, fish and eggs","Fish (tuna, canned)",322,180 G,aggregate,Retail,IRR,1380000.0,1.05
2025-01-15,Tehran,Tehran,Tehran Market,1652,35.72,51.4,pulses and nuts,"Peas (yellow, split)",424,900 G,actual,Retail,IRR,1400000.0,33.33
2026-03-15,Tehran,Tehran,Tehran Market,1652,35.72,51.4,oil and fats,Oil (vegetable),96,810 G,aggregate,Retail,IRR,2235999.99,1.69
2025-09-15,Tehran,Tehran,Tehran Market,1652,35.72,51.4,miscellaneous food,Tomatoes (paste),317,KG,actual,Retail,IRR,800000.0,19.02
2025-11-15,Tehran,Tehran,Tehran Market,1652,35.72,51.4,non-food,Bleach (chlorine),879,750 G,actual,Retail,IRR,820000.0,19.5
2025-10-15,Tehran,Tehran,Tehran Market,1652,35.72,51.4,vegetables and fruits,Eggplants,434,KG,actual,Retail,IRR,550000.0,13.08
2025-11-15,Tehran,Tehran,Tehran Market,1652,35.72,51.4,miscellaneous food,Tea (black),175,500 G,actual,Retail,IRR,3000000.0,71.34
2025-06-15,Tehran,Tehran,Tehran Market,1652,35.72,51.4,vegetables and fruits,Apples,345,KG,actual,Retail,IRR,1000000.0,23.81
2026-01-15,Tehran,Tehran,Tehran Market,1652,35.72,51.4,"meat, fish and eggs",Meat (chicken),94,KG,actual,Retail,IRR,2300000.0,2.16
2025-12-15,Tehran,Tehran,Tehran Market,1652,35.72,51.4,non-food,Shampoo,545,450 ML,actual,Retail,IRR,850000.0,20.21
2025-07-15,Tehran,Tehran,Tehran Market,1652,35.72,51.4,vegetables and fruits,Tomatoes,114,KG,actual,Retail,IRR,560000.0,13.33
2025-11-15,Tehran,Tehran,Tehran Market,1652,35.72,51.4,milk and dairy,Yogurt,364,KG,actual,Retail,IRR,1080000.0,25.68
2025-08-15,Tehran,Tehran,Tehran Market,1652,35.72,51.4,vegetables and fruits,Cucumbers,388,KG,actual,Retail,IRR,600000.0,14.28
2025-04-15,Tehran,Tehran,Tehran Market,1652,35.72,51.4,pulses and nuts,Lentils (green),549,900 G,actual,Retail,IRR,1850000.0,44.05
2025-01-15,Tehran,Tehran,Tehran Market,1652,35.72,51.4,cereals and tubers,Rice,52,KG,actual,Retail,IRR,750000.0,17.86
2025-05-15,Tehran,Tehran,Tehran Market,1652,35.72,51.4,vegetables and fruits,Onions,173,KG,actual,Retail,IRR,330000.0,7.86
2025-01-15,Tehran,Tehran,Tehran Market,1652,35.72,51.4,miscellaneous food,Tea (black),175,500 G,actual,Retail,IRR,2000000.0,47.62
2025-11-15,Tehran,Tehran,Tehran Market,1652,35.72,51.4,oil and fats,Oil (sunflower),184,810 G,actual,Retail,IRR,726000.0,17.27
2025-12-15,Tehran,Tehran,Tehran Market,1652,35.72,51.4,miscellaneous food,Tea (black),175,500 G,actual,Retail,IRR,3000000.0,71.34
2025-06-15,Tehran,Tehran,Tehran Market,1652,35.72,51.4,vegetables and fruits,Onions,173,KG,actual,Retail,IRR,350000.0,8.33
2026-01-15,Tehran,Tehran,Tehran Market,1652,35.72,51.4,cereals and tubers,Wheat flour,58,KG,actual,Retail,IRR,520000.0,0.49
2025-05-15,Tehran,Tehran,Tehran Market,1652,35.72,51.4,pulses and nuts,Beans (kidney red),206,900 G,actual,Retail,IRR,2400000.0,57.14
2026-01-15,Tehran,Tehran,Tehran Market,1652,35.72,51.4,cereals and tubers,Rice,52,KG,actual,Retail,IRR,3500000.0,3.29
2025-12-15,Tehran,Tehran,Tehran Market,1652,35.72,51.4,"meat, fish and eggs",Eggs,92,1.8 KG,actual,Retail,IRR,2500000.0,59.45
2025-10-15,Tehran,Tehran,Tehran Market,1652,35.72,51.4,vegetables and fruits,Apples,345,KG,actual,Retail,IRR,1500000.0,35.66
2025-01-15,Tehran,Tehran,Tehran Market,1652,35.72,51.4,"meat, fish and eggs",Meat (chicken),94,KG,actual,Retail,IRR,1200000.0,28.57
2025-02-15,Tehran,Tehran,Tehran Market,1652,35.72,51.4,miscellaneous food,Tomatoes (paste),317,KG,actual,Retail,IRR,750000.0,17.86
2026-03-15,Tehran,Tehran,Tehran Market,1652,35.72,51.4,pulses and nuts,Beans (kidney red),206,900 G,aggregate,Retail,IRR,4600000.0,3.49
2025-11-15,Tehran,Tehran,Tehran Market,1652,35.72,51.4,pulses and nuts,Beans (kidney red),206,900 G,actual,Retail,IRR,4000000.0,95.12
2025-02-15,Tehran,Tehran,Tehran Market,1652,35.72,51.4,non-food,Bleach (chlorine),879,750 G,actual,Retail,IRR,536000.0,12.76
2025-07-15,Tehran,Tehran,Tehran Market,1652,35.72,51.4,vegetables and fruits,Eggplants,434,KG,actual,Retail,IRR,550000.0,13.09
2025-05-15,Tehran,Tehran,Tehran Market,1652,35.72,51.4,miscellaneous food,Tomatoes (paste),317,KG,actual,Retail,IRR,750000.0,17.86
2025-04-15,Tehran,Tehran,Tehran Market,1652,35.72,51.4,vegetables and fruits,Tomatoes,114,KG,actual,Retail,IRR,490000.0,11.67
2026-03-15,Tehran,Tehran,Tehran Market,1652,35.72,51.4,"meat, fish and eggs",Meat (beef),141,KG,aggregate,Retail,IRR,16299999.95,12.35
2025-06-15,Tehran,Tehran,Tehran Market,1652,35.72,51.4,pulses and nuts,Lentils (green),549,900 G,actual,Retail,IRR,2000000.0,47.62
2025-08-15,Tehran,Tehran,Tehran Market,1652,35.72,51.4,milk and dairy,Cheese (local),314,450 G,actual,Retail,IRR,870000.0,20.71
2025-02-15,Tehran,Tehran,Tehran Market,1652,35.72,51.4,vegetables and fruits,Tomatoes,114,KG,actual,Retail,IRR,490000.0,11.67
2025-07-15,Tehran,Tehran,Tehran Market,1652,35.72,51.4,vegetables and fruits,Parsley,469,KG,actual,Retail,IRR,360000.0,8.57
2025-10-15,Tehran,Tehran,Tehran Market,1652,35.72,51.4,pulses and nuts,"Peas (yellow, split)",424,900 G,actual,Retail,IRR,3200000.0,76.08
2026-01-15,Tehran,Tehran,Tehran Market,1652,35.72,51.4,vegetables and fruits,Tomatoes,114,KG,actual,Retail,IRR,700000.0,0.66
2025-11-15,Tehran,Tehran,Tehran Market,1652,35.72,51.4,"meat, fish and eggs",Eggs,92,1.8 KG,actual,Retail,IRR,1600000.0,38.05
2026-02-15,Tehran,Tehran,Tehran Market,1652,35.72,51.4,cereals and tubers,Pasta,112,500 G,actual,Retail,IRR,340000.0,0.27
2025-06-15,Tehran,Tehran,Tehran Market,1652,35.72,51.4,cereals and tubers,Wheat flour,58,KG,actual,Retail,IRR,235000.0,5.59
2025-11-15,Tehran,Tehran,Tehran Market,1652,35.72,51.4,milk and dairy,Cheese (local),314,450 G,actual,Retail,IRR,870000.0,20.69
2025-05-15,Tehran,Tehran,Tehran Market,1652,35.72,51.4,cereals and tubers,Wheat flour,58,KG,actual,Retail,IRR,195000.0,4.64
2025-07-15,Tehran,Tehran,Tehran Market,1652,35.72,51.4,cereals and tubers,Pasta,112,500 G,actual,Retail,IRR,300000.0,7.14
2025-12-15,Tehran,Tehran,Tehran Market,1652,35.72,51.4,cereals and tubers,Wheat flour,58,KG,actual,Retail,IRR,235000.0,5.59
2025-11-15,Tehran,Tehran,Tehran Market,1652,35.72,51.4,vegetables and fruits,Onions,173,KG,actual,Retail,IRR,400000.0,9.51
2025-08-15,Tehran,Tehran,Tehran Market,1652,35.72,51.4,cereals and tubers,Wheat flour,58,KG,actual,Retail,IRR,235000.0,5.59
2025-04-15,Tehran,Tehran,Tehran Market,1652,35.72,51.4,miscellaneous food,Salt (iodised),334,500 G,actual,Retail,IRR,100000.0,2.38
2026-04-15,Tehran,Tehran,Tehran Market,1652,35.72,51.4,miscellaneous food,Tomatoes (paste),317,KG,aggregate,Retail,IRR,1200000.0,115.31
2026-03-15,Tehran,Tehran,Tehran Market,1652,35.72,51.4,vegetables and fruits,Apples,345,KG,aggregate,Retail,IRR,2000000.0,1.52
2025-07-15,Tehran,Tehran,Tehran Market,1652,35.72,51.4,non-food,Bleach (chlorine),879,750 G,actual,Retail,IRR,698000.0,16.62
2025-09-15,Tehran,Tehran,Tehran Market,1652,35.72,51.4,"meat, fish and eggs",Eggs,92,1.8 KG,actual,Retail,IRR,1600000.0,38.05
2025-02-15,Tehran,Tehran,Tehran Market,1652,35.72,51.4,milk and dairy,Milk (pasteurized),463,200 ML,actual,Retail,IRR,140000.0,3.33
2026-02-15,Tehran,Tehran,Tehran Market,1652,35.72,51.4,vegetables and fruits,Apples,345,KG,actual,Retail,IRR,1800000.0,1.41
2025-01-15,Tehran,Tehran,Tehran Market,1652,35.72,51.4,vegetables and fruits,Onions,173,KG,actual,Retail,IRR,330000.0,7.86
2025-03-15,Tehran,Tehran,Tehran Market,1652,35.72,51.4,cereals and tubers,Potatoes,83,KG,actual,Retail,IRR,450000.0,10.71
2025-10-15,Tehran,Tehran,Tehran Market,1652,35.72,51.4,non-food,Bleach (chlorine),879,750 G,actual,Retail,IRR,798000.0,18.97
2026-01-15,Tehran,Tehran,Tehran Market,1652,35.72,51.4,vegetables and fruits,Apples,345,KG,actual,Retail,IRR,1800000.0,1.69
2025-02-15,Tehran,Tehran,Tehran Market,1652,35.72,51.4,"meat, fish and eggs",Meat (chicken),94,KG,actual,Retail,IRR,1200000.0,28.57
2025-09-15,Tehran,Tehran,Tehran Market,1652,35.72,51.4,vegetables and fruits,Apples,345,KG,actual,Retail,IRR,1200000.0,28.54
2025-08-15,Tehran,Tehran,Tehran Market,1652,35.72,51.4,cereals and tubers,Bread,55,240 G,actual,Retail,IRR,40000.0,0.95
2025-07-15,Tehran,Tehran,Tehran Market,1652,35.72,51.4,pulses and nuts,"Peas (yellow, split)",424,900 G,actual,Retail,IRR,2200000.0,52.38
2025-08-15,Tehran,Tehran,Tehran Market,1652,35.72,51.4,non-food,Alcohol (spray),878,500 ML,actual,Retail,IRR,1850000.0,44.04
2026-03-15,Tehran,Tehran,Tehran Market,1652,35.72,51.4,cereals and tubers,Rice,52,KG,aggregate,Retail,IRR,3500000.0,2.65
2025-10-15,Tehran,Tehran,Tehran Market,1652,35.72,51.4,miscellaneous food,Tea (black),175,500 G,actual,Retail,IRR,3000000.0,71.32
2025-10-15,Tehran,Tehran,Tehran Market,1652,35.72,51.4,pulses and nuts,Beans (kidney red),206,900 G,actual,Retail,IRR,3200000.0,76.08
2025-02-15,Tehran,Tehran,Tehran Market,1652,35.72,51.4,non-food,Handwash soap,541,0.13 KG,actual,Retail,IRR,180000.0,4.29
2025-09-15,Tehran,Tehran,Tehran Market,1652,35.72,51.4,pulses and nuts,"Peas (yellow, split)",424,900 G,actual,Retail,IRR,2500000.0,59.45
2025-12-15,Tehran,Tehran,Tehran Market,1652,35.72,51.4,pulses and nuts,Beans (kidney red),206,900 G,actual,Retail,IRR,4000000.0,95.12
2026-04-15,Tehran,Tehran,Tehran Market,1652,35.72,51.4,vegetables and fruits,Eggplants,434,KG,aggregate,Retail,IRR,1000000.0,96.09
2025-09-15,Tehran,Tehran,Tehran Market,1652,35.72,51.4,vegetables and fruits,Cucumbers,388,KG,actual,Retail,IRR,700000.0,16.65
2025-02-15,Tehran,Tehran,Tehran Market,1652,35.72,51.4,vegetables and fruits,Parsley,469,KG,actual,Retail,IRR,360000.0,8.57
2025-08-15,Tehran,Tehran,Tehran Market,1652,35.72,51.4,oil and fats,Oil (vegetable),96,810 G,actual,Retail,IRR,726000.0,17.28
2025-07-15,Tehran,Tehran,Tehran Market,1652,35.72,51.4,"meat, fish and eggs",Eggs,92,1.8 KG,actual,Retail,IRR,1700000.0,40.47
2025-12-15,Tehran,Tehran,Tehran Market,1652,35.72,51.4,non-food,Handwash soap,541,0.13 KG,actual,Retail,IRR,290000.0,6.9
2025-06-15,Tehran,Tehran,Tehran Market,1652,35.72,51.4,miscellaneous food,Salt (iodised),334,500 G,actual,Retail,IRR,110000.0,2.62
2025-10-15,Tehran,Tehran,Tehran Market,1652,35.72,51.4,oil and fats,Oil (sunflower),184,810 G,actual,Retail,IRR,726000.0,17.26
2025-10-15,Tehran,Tehran,Tehran Market,1652,35.72,51.4,cereals and tubers,Rice,52,KG,actual,Retail,IRR,3200000.0,76.08
2025-01-15,Tehran,Tehran,Tehran Market,1652,35.72,51.4,vegetables and fruits,Cucumbers,388,KG,actual,Retail,IRR,440000.0,10.48
2025-11-15,Tehran,Tehran,Tehran Market,1652,35.72,51.4,cereals and tubers,Potatoes,83,KG,actual,Retail,IRR,550000.0,13.08
2025-04-15,Tehran,Tehran,Tehran Market,1652,35.72,51.4,pulses and nuts,Beans (kidney red),206,900 G,actual,Retail,IRR,2000000.0,47.62
2025-08-15,Tehran,Tehran,Tehran Market,1652,35.72,51.4,vegetables and fruits,Onions,173,KG,actual,Retail,IRR,350000.0,8.33
2025-04-15,Tehran,Tehran,Tehran Market,1652,35.72,51.4,milk and dairy,Milk (pasteurized),463,200 ML,actual,Retail,IRR,140000.0,3.33
2025-12-15,Tehran,Tehran,Tehran Market,1652,35.72,51.4,cereals and tubers,Bread,55,240 G,actual,Retail,IRR,40000.0,0.95
2026-02-15,Tehran,Tehran,Tehran Market,1652,35.72,51.4,cereals and tubers,Potatoes,83,KG,actual,Retail,IRR,550000.0,0.43
2026-04-15,Tehran,Tehran,Tehran Market,1652,35.72,51.4,cereals and tubers,Bread,55,240 G,aggregate,Retail,IRR,45000.0,4.32
2026-04-15,Tehran,Tehran,Tehran Market,1652,35.72,51.4,non-food,Handwash soap,541,0.13 KG,aggregate,Retail,IRR,540000.0,51.89
2025-11-15,Tehran,Tehran,Tehran Market,1652,35.72,51.4,milk and dairy,Milk (pasteurized),463,200 ML,actual,Retail,IRR,220000.0,5.23
2025-04-15,Tehran,Tehran,Tehran Market,1652,35.72,51.4,vegetables and fruits,Eggplants,434,KG,actual,Retail,IRR,550000.0,13.1
2026-04-15,Tehran,Tehran,Tehran Market,1652,35.72,51.4,vegetables and fruits,Onions,173,KG,aggregate,Retail,IRR,700000.0,67.26
2025-06-15,Tehran,Tehran,Tehran Market,1652,35.72,51.4,oil and fats,Oil (vegetable),96,810 G,actual,Retail,IRR,650000.0,15.48
2025-09-15,Tehran,Tehran,Tehran Market,1652,35.72,51.4,cereals and tubers,Potatoes,83,KG,actual,Retail,IRR,500000.0,11.89
2026-03-15,Tehran,Tehran,Tehran Market,1652,35.72,51.4,oil and fats,Oil (sunflower),184,810 G,aggregate,Retail,IRR,2235999.99,1.69
2025-06-15,Tehran,Tehran,Tehran Market,1652,35.72,51.4,milk and dairy,Cheese (local),314,450 G,actual,Retail,IRR,640000.0,15.24
2026-04-15,Tehran,Tehran,Tehran Market,1652,35.72,51.4,cereals and tubers,Wheat flour,58,KG,aggregate,Retail,IRR,520000.0,49.97
2025-08-15,Tehran,Tehran,Tehran Market,1652,35.72,51.4,miscellaneous food,Tomatoes (paste),317,KG,actual,Retail,IRR,800000.0,19.05
2025-08-15,Tehran,Tehran,Tehran Market,1652,35.72,51.4,"meat, fish and eggs",Meat (chicken),94,KG,actual,Retail,IRR,1300000.0,30.95
2025-01-15,Tehran,Tehran,Tehran Market,1652,35.72,51.4,pulses and nuts,Lentils (green),549,900 G,actual,Retail,IRR,1699000.0,40.45
2025-04-15,Tehran,Tehran,Tehran Market,1652,35.72,51.4,miscellaneous food,Tomatoes (paste),317,KG,actual,Retail,IRR,750000.0,17.86
2025-06-15,Tehran,Tehran,Tehran Market,1652,35.72,51.4,"meat, fish and eggs",Meat (chicken),94,KG,actual,Retail,IRR,1300000.0,30.95
2025-11-15,Tehran,Tehran,Tehran Market,1652,35.72,51.4,pulses and nuts,Lentils (green),549,900 G,actual,Retail,IRR,2200000.0,52.32
2026-04-15,Tehran,Tehran,Tehran Market,1652,35.72,51.4,miscellaneous food,Salt (iodised),334,500 G,aggregate,Retail,IRR,308750.0,29.67
2025-07-15,Tehran,Tehran,Tehran Market,1652,35.72,51.4,pulses and nuts,Chickpeas,244,900 G,actual,Retail,IRR,2000000.0,47.62
2025-01-15,Tehran,Tehran,Tehran Market,1652,35.72,51.4,"meat, fish and eggs",Meat (beef),141,KG,actual,Retail,IRR,6840000.0,162.86
2025-05-15,Tehran,Tehran,Tehran Market,1652,35.72,51.4,miscellaneous food,Sugar (white),349,KG,actual,Retail,IRR,520000.0,12.38
2025-11-15,Tehran,Tehran,Tehran Market,1652,35.72,51.4,cereals and tubers,Wheat flour,58,KG,actual,Retail,IRR,235000.0,5.59
2025-03-15,Tehran,Tehran,Tehran Market,1652,35.72,51.4,pulses and nuts,"Peas (yellow, split)",424,900 G,actual,Retail,IRR,1650000.0,39.29
2025-04-15,Tehran,Tehran,Tehran Market,1652,35.72,51.4,cereals and tubers,Rice,52,KG,actual,Retail,IRR,1150000.0,27.38
2025-08-15,Tehran,Tehran,Tehran Market,1652,35.72,51.4,milk and dairy,Milk (pasteurized),463,200 ML,actual,Retail,IRR,170000.0,4.05
2026-02-15,Tehran,Tehran,Tehran Market,1652,35.72,51.4,oil and fats,Oil (sunflower),184,810 G,actual,Retail,IRR,2200000.0,1.72
2025-12-15,Tehran,Tehran,Tehran Market,1652,35.72,51.4,vegetables and fruits,Tomatoes,114,KG,actual,Retail,IRR,700000.0,16.65
2025-10-15,Tehran,Tehran,Tehran Market,1652,35.72,51.4,"meat, fish and eggs",Meat (chicken),94,KG,actual,Retail,IRR,1800000.0,42.79
2026-03-15,Tehran,Tehran,Tehran Market,1652,35.72,51.4,non-food,Shampoo,545,450 ML,aggregate,Retail,IRR,1418333.33,1.08
2025-02-15,Tehran,Tehran,Tehran Market,1652,35.72,51.4,pulses and nuts,Lentils (green),549,900 G,actual,Retail,IRR,1800000.0,42.86
2026-02-15,Tehran,Tehran,Tehran Market,1652,35.72,51.4,milk and dairy,Cheese (local),314,450 G,actual,Retail,IRR,1580000.0,1.24
2025-01-15,Tehran,Tehran,Tehran Market,1652,35.72,51.4,oil and fats,Oil (vegetable),96,810 G,actual,Retail,IRR,580000.0,13.81
2025-06-15,Tehran,Tehran,Tehran Market,1652,35.72,51.4,cereals and tubers,Rice,52,KG,actual,Retail,IRR,1600000.0,38.09
2025-12-15,Tehran,Tehran,Tehran Market,1652,35.72,51.4,vegetables and fruits,Apples,345,KG,actual,Retail,IRR,1800000.0,42.81
2025-01-15,Tehran,Tehran,Tehran Market,1652,35.72,51.4,"meat, fish and eggs",Eggs,92,1.8 KG,actual,Retail,IRR,1420000.0,33.81
2026-01-15,Tehran,Tehran,Tehran Market,1652,35.72,51.4,"meat, fish and eggs",Meat (beef),141,KG,actual,Retail,IRR,15000000.0,14.08
2025-06-15,Tehran,Tehran,Tehran Market,1652,35.72,51.4,vegetables and fruits,Tomatoes,114,KG,actual,Retail,IRR,560000.0,13.33
2025-02-15,Tehran,Tehran,Tehran Market,1652,35.72,51.4,cereals and tubers,Rice,52,KG,actual,Retail,IRR,900000.0,21.43
2025-02-15,Tehran,Tehran,Tehran Market,1652,35.72,51.4,miscellaneous food,Salt (iodised),334,500 G,actual,Retail,IRR,100000.0,2.38
2025-04-15,Tehran,Tehran,Tehran Market,1652,35.72,51.4,non-food,Handwash soap,541,0.13 KG,actual,Retail,IRR,200000.0,4.76
2025-09-15,Tehran,Tehran,Tehran Market,1652,35.72,51.4,pulses and nuts,Lentils (green),549,900 G,actual,Retail,IRR,2200000.0,52.32
2025-09-15,Tehran,Tehran,Tehran Market,1652,35.72,51.4,non-food,Shampoo,545,450 ML,actual,Retail,IRR,850000.0,20.21
2026-03-15,Tehran,Tehran,Tehran Market,1652,35.72,51.4,non-food,Bleach (chlorine),879,750 G,aggregate,Retail,IRR,1001333.34,0.76
2025-12-15,Tehran,Tehran,Tehran Market,1652,35.72,51.4,miscellaneous food,Tomatoes (paste),317,KG,actual,Retail,IRR,950000.0,22.59
2025-11-15,Tehran,Tehran,Tehran Market,1652,35.72,51.4,non-food,Handwash soap,541,0.13 KG,actual,Retail,IRR,290000.0,6.9
2025-01-15,Tehran,Tehran,Tehran Market,1652,35.72,51.4,vegetables and fruits,Eggplants,434,KG,actual,Retail,IRR,450000.0,10.71
2026-03-15,Tehran,Tehran,Tehran Market,1652,35.72,51.4,cereals and tubers,Potatoes,83,KG,aggregate,Retail,IRR,826666.67,0.63
2026-04-15,Tehran,Tehran,Tehran Market,1652,35.72,51.4,cereals and tubers,Potatoes,83,KG,aggregate,Retail,IRR,850000.0,81.68
2025-09-15,Tehran,Tehran,Tehran Market,1652,35.72,51.4,non-food,Alcohol (spray),878,500 ML,actual,Retail,IRR,1500000.0,35.67
2026-02-15,Tehran,Tehran,Tehran Market,1652,35.72,51.4,vegetables and fruits,Onions,173,KG,actual,Retail,IRR,450000.0,0.35
2025-04-15,Tehran,Tehran,Tehran Market,1652,35.72,51.4,pulses and nuts,Chickpeas,244,900 G,actual,Retail,IRR,1800000.0,42.86
2025-03-15,Tehran,Tehran,Tehran Market,1652,35.72,51.4,"meat, fish and eggs",Meat (chicken),94,KG,actual,Retail,IRR,1300000.0,30.95
2025-01-15,Tehran,Tehran,Tehran Market,1652,35.72,51.4,cereals and tubers,Wheat flour,58,KG,actual,Retail,IRR,170000.0,4.05
2025-01-15,Tehran,Tehran,Tehran Market,1652,35.72,51.4,non-food,Shampoo,545,450 ML,actual,Retail,IRR,620000.0,14.76
2025-06-15,Tehran,Tehran,Tehran Market,1652,35.72,51.4,cereals and tubers,Bread,55,240 G,actual,Retail,IRR,25000.0,0.6
2025-12-15,Tehran,Tehran,Tehran Market,1652,35.72,51.4,cereals and tubers,Potatoes,83,KG,actual,Retail,IRR,550000.0,13.08
2025-05-15,Tehran,Tehran,Tehran Market,1652,35.72,51.4,cereals and tubers,Bread,55,240 G,actual,Retail,IRR,25000.0,0.6
2025-01-15,Tehran,Tehran,Tehran Market,1652,35.72,51.4,non-food,Alcohol (spray),878,500 ML,actual,Retail,IRR,1250000.0,29.76
2025-12-15,Tehran,Tehran,Tehran Market,1652,35.72,51.4,oil and fats,Oil (vegetable),96,810 G,actual,Retail,IRR,726000.0,17.27
2026-03-15,Tehran,Tehran,Tehran Market,1652,35.72,51.4,vegetables and fruits,Cucumbers,388,KG,aggregate,Retail,IRR,830000.0,0.63
2025-03-15,Tehran,Tehran,Tehran Market,1652,35.72,51.4,oil and fats,Oil (vegetable),96,810 G,actual,Retail,IRR,580000.0,13.81
2025-02-15,Tehran,Tehran,Tehran Market,1652,35.72,51.4,pulses and nuts,"Peas (yellow, split)",424,900 G,actual,Retail,IRR,1650000.0,39.29
2025-01-15,Tehran,Tehran,Tehran Market,1652,35.72,51.4,pulses and nuts,Beans (kidney red),206,900 G,actual,Retail,IRR,1800000.0,42.86
2025-08-15,Tehran,Tehran,Tehran Market,1652,35.72,51.4,miscellaneous food,Sugar (white),349,KG,actual,Retail,IRR,650000.0,15.48
2025-03-15,Tehran,Tehran,Tehran Market,1652,35.72,51.4,"meat, fish and eggs",Meat (beef),141,KG,actual,Retail,IRR,6900000.0,164.29
2025-10-15,Tehran,Tehran,Tehran Market,1652,35.72,51.4,oil and fats,Oil (vegetable),96,810 G,actual,Retail,IRR,726000.0,17.26
2026-03-15,Tehran,Tehran,Tehran Market,1652,35.72,51.4,cereals and tubers,Pasta,112,500 G,aggregate,Retail,IRR,464166.66,0.35
2026-03-15,Tehran,Tehran,Tehran Market,1652,35.72,51.4,pulses and nuts,Lentils (green),549,900 G,aggregate,Retail,IRR,3500000.0,2.65
2026-01-15,Tehran,Tehran,Tehran Market,1652,35.72,51.4,vegetables and fruits,Onions,173,KG,actual,Retail,IRR,450000.0,0.42
2026-04-15,Tehran,Tehran,Tehran Market,1652,35.72,51.4,non-food,Alcohol (spray),878,500 ML,aggregate,Retail,IRR,1500000.0,144.13
2025-06-15,Tehran,Tehran,Tehran Market,1652,35.72,51.4,vegetables and fruits,Cucumbers,388,KG,actual,Retail,IRR,600000.0,14.28
2025-11-15,Tehran,Tehran,Tehran Market,1652,35.72,51.4,miscellaneous food,Sugar (white),349,KG,actual,Retail,IRR,650000.0,15.46
2026-01-15,Tehran,Tehran,Tehran Market,1652,35.72,51.4,cereals and tubers,Bread,55,240 G,actual,Retail,IRR,45000.0,0.042
2025-03-15,Tehran,Tehran,Tehran Market,1652,35.72,51.4,vegetables and fruits,Onions,173,KG,actual,Retail,IRR,330000.0,7.86
2025-12-15,Tehran,Tehran,Tehran Market,1652,35.72,51.4,non-food,Alcohol (spray),878,500 ML,actual,Retail,IRR,1500000.0,35.67
2026-01-15,Tehran,Tehran,Tehran Market,1652,35.72,51.4,pulses and nuts,"Peas (yellow, split)",424,900 G,actual,Retail,IRR,3500000.0,3.29
2025-07-15,Tehran,Tehran,Tehran Market,1652,35.72,51.4,"meat, fish and eggs","Fish (tuna, canned)",322,180 G,actual,Retail,IRR,980000.0,23.33
2025-09-15,Tehran,Tehran,Tehran Market,1652,35.72,51.4,pulses and nuts,Chickpeas,244,900 G,actual,Retail,IRR,2200000.0,52.32
2025-02-15,Tehran,Tehran,Tehran Market,1652,35.72,51.4,cereals and tubers,Potatoes,83,KG,actual,Retail,IRR,400000.0,9.52
2025-12-15,Tehran,Tehran,Tehran Market,1652,35.72,51.4,"meat, fish and eggs",Meat (chicken),94,KG,actual,Retail,IRR,2000000.0,47.56
2025-09-15,Tehran,Tehran,Tehran Market,1652,35.72,51.4,pulses and nuts,Beans (kidney red),206,900 G,actual,Retail,IRR,3000000.0,71.34
2025-02-15,Tehran,Tehran,Tehran Market,1652,35.72,51.4,vegetables and fruits,Cucumbers,388,KG,actual,Retail,IRR,500000.0,11.9
2025-06-15,Tehran,Tehran,Tehran Market,1652,35.72,51.4,miscellaneous food,Tomatoes (paste),317,KG,actual,Retail,IRR,800000.0,19.05
2025-07-15,Tehran,Tehran,Tehran Market,1652,35.72,51.4,oil and fats,Oil (vegetable),96,810 G,actual,Retail,IRR,726000.0,17.28
2025-12-15,Tehran,Tehran,Tehran Market,1652,35.72,51.4,pulses and nuts,"Peas (yellow, split)",424,900 G,actual,Retail,IRR,3200000.0,76.1
2026-01-15,Tehran,Tehran,Tehran Market,1652,35.72,51.4,non-food,Alcohol (spray),878,500 ML,actual,Retail,IRR,1500000.0,1.41
2025-10-15,Tehran,Tehran,Tehran Market,1652,35.72,51.4,milk and dairy,Cheese (local),314,450 G,actual,Retail,IRR,870000.0,20.68
2025-08-15,Tehran,Tehran,Tehran Market,1652,35.72,51.4,cereals and tubers,Rice,52,KG,actual,Retail,IRR,2000000.0,47.62
2025-11-15,Tehran,Tehran,Tehran Market,1652,35.72,51.4,pulses and nuts,"Peas (yellow, split)",424,900 G,actual,Retail,IRR,3200000.0,76.1
2025-06-15,Tehran,Tehran,Tehran Market,1652,35.72,51.4,miscellaneous food,Sugar (white),349,KG,actual,Retail,IRR,650000.0,15.48
2025-10-15,Tehran,Tehran,Tehran Market,1652,35.72,51.4,non-food,Alcohol (spray),878,500 ML,actual,Retail,IRR,1500000.0,35.66
2026-02-15,Tehran,Tehran,Tehran Market,1652,35.72,51.4,cereals and tubers,Rice,52,KG,actual,Retail,IRR,3500000.0,2.74
2025-05-15,Tehran,Tehran,Tehran Market,1652,35.72,51.4,non-food,Handwash soap,541,0.13 KG,actual,Retail,IRR,220000.0,5.24
2026-01-15,Tehran,Tehran,Tehran Market,1652,35.72,51.4,miscellaneous food,Tea (black),175,500 G,actual,Retail,IRR,3000000.0,2.82
2025-05-15,Tehran,Tehran,Tehran Market,1652,35.72,51.4,"meat, fish and eggs",Meat (chicken),94,KG,actual,Retail,IRR,1300000.0,30.95
2026-01-15,Tehran,Tehran,Tehran Market,1652,35.72,51.4,non-food,Handwash soap,541,0.13 KG,actual,Retail,IRR,290000.0,0.27
2025-08-15,Tehran,Tehran,Tehran Market,1652,35.72,51.4,pulses and nuts,Beans (kidney red),206,900 G,actual,Retail,IRR,2800000.0,66.66
2025-02-15,Tehran,Tehran,Tehran Market,1652,35.72,51.4,non-food,Shampoo,545,450 ML,actual,Retail,IRR,620000.0,14.76
2025-09-15,Tehran,Tehran,Tehran Market,1652,35.72,51.4,milk and dairy,Yogurt,364,KG,actual,Retail,IRR,1080000.0,25.68
2025-06-15,Tehran,Tehran,Tehran Market,1652,35.72,51.4,miscellaneous food,Tea (black),175,500 G,actual,Retail,IRR,3000000.0,71.42
2025-01-15,Tehran,Tehran,Tehran Market,1652,35.72,51.4,cereals and tubers,Potatoes,83,KG,actual,Retail,IRR,400000.0,9.52
2025-05-15,Tehran,Tehran,Tehran Market,1652,35.72,51.4,milk and dairy,Cheese (local),314,450 G,actual,Retail,IRR,640000.0,15.24
2026-03-15,Tehran,Tehran,Tehran Market,1652,35.72,51.4,miscellaneous food,Tea (black),175,500 G,aggregate,Retail,IRR,4000000.0,3.03
2025-05-15,Tehran,Tehran,Tehran Market,1652,35.72,51.4,milk and dairy,Milk (pasteurized),463,200 ML,actual,Retail,IRR,170000.0,4.05
2026-02-15,Tehran,Tehran,Tehran Market,1652,35.72,51.4,oil and fats,Oil (vegetable),96,810 G,actual,Retail,IRR,2200000.0,1.72
2025-09-15,Tehran,Tehran,Tehran Market,1652,35.72,51.4,cereals and tubers,Bread,55,240 G,actual,Retail,IRR,40000.0,0.95
2025-04-15,Tehran,Tehran,Tehran Market,1652,35.72,51.4,"meat, fish and eggs",Eggs,92,1.8 KG,actual,Retail,IRR,1500000.0,35.71
2025-03-15,Tehran,Tehran,Tehran Market,1652,35.72,51.4,cereals and tubers,Wheat flour,58,KG,actual,Retail,IRR,195000.0,4.64
2025-10-15,Tehran,Tehran,Tehran Market,1652,35.72,51.4,non-food,Shampoo,545,450 ML,actual,Retail,IRR,850000.0,20.21
2025-11-15,Tehran,Tehran,Tehran Market,1652,35.72,51.4,non-food,Shampoo,545,450 ML,actual,Retail,IRR,850000.0,20.21
2025-08-15,Tehran,Tehran,Tehran Market,1652,35.72,51.4,cereals and tubers,Potatoes,83,KG,actual,Retail,IRR,500000.0,11.9
2025-07-15,Tehran,Tehran,Tehran Market,1652,35.72,51.4,vegetables and fruits,Onions,173,KG,actual,Retail,IRR,350000.0,8.33
2025-09-15,Tehran,Tehran,Tehran Market,1652,35.72,51.4,miscellaneous food,Tea (black),175,500 G,actual,Retail,IRR,3000000.0,71.34
2025-07-15,Tehran,Tehran,Tehran Market,1652,35.72,51.4,"meat, fish and eggs",Meat (chicken),94,KG,actual,Retail,IRR,1300000.0,30.95
2026-02-15,Tehran,Tehran,Tehran Market,1652,35.72,51.4,vegetables and fruits,Parsley,469,KG,actual,Retail,IRR,600000.0,0.47
2026-04-15,Tehran,Tehran,Tehran Market,1652,35.72,51.4,vegetables and fruits,Parsley,469,KG,aggregate,Retail,IRR,800000.0,76.87
2026-01-15,Tehran,Tehran,Tehran Market,1652,35.72,51.4,"meat, fish and eggs","Fish (tuna, canned)",322,180 G,actual,Retail,IRR,1380000.0,1.3
2025-10-15,Tehran,Tehran,Tehran Market,1652,35.72,51.4,miscellaneous food,Salt (iodised),334,500 G,actual,Retail,IRR,170000.0,4.04
2025-04-15,Tehran,Tehran,Tehran Market,1652,35.72,51.4,vegetables and fruits,Parsley,469,KG,actual,Retail,IRR,360000.0,8.57
2025-06-15,Tehran,Tehran,Tehran Market,1652,35.72,51.4,pulses and nuts,"Peas (yellow, split)",424,900 G,actual,Retail,IRR,2200000.0,52.38
2026-02-15,Tehran,Tehran,Tehran Market,1652,35.72,51.4,miscellaneous food,Tea (black),175,500 G,actual,Retail,IRR,4000000.0,3.13
2026-03-15,Tehran,Tehran,Tehran Market,1652,35.72,51.4,miscellaneous food,Sugar (white),349,KG,aggregate,Retail,IRR,709999.99,0.54
2025-05-15,Tehran,Tehran,Tehran Market,1652,35.72,51.4,"meat, fish and eggs",Eggs,92,1.8 KG,actual,Retail,IRR,1500000.0,35.71
2025-04-15,Tehran,Tehran,Tehran Market,1652,35.72,51.4,vegetables and fruits,Apples,345,KG,actual,Retail,IRR,700000.0,16.67
2026-01-15,Tehran,Tehran,Tehran Market,1652,35.72,51.4,miscellaneous food,Sugar (white),349,KG,actual,Retail,IRR,650000.0,0.61
2025-06-15,Tehran,Tehran,Tehran Market,1652,35.72,51.4,pulses and nuts,Beans (kidney red),206,900 G,actual,Retail,IRR,2400000.0,57.14
2025-03-15,Tehran,Tehran,Tehran Market,1652,35.72,51.4,non-food,Alcohol (spray),878,500 ML,actual,Retail,IRR,1200000.0,28.57
2025-12-15,Tehran,Tehran,Tehran Market,1652,35.72,51.4,vegetables and fruits,Cucumbers,388,KG,actual,Retail,IRR,700000.0,16.65
2026-02-15,Tehran,Tehran,Tehran Market,1652,35.72,51.4,vegetables and fruits,Eggplants,434,KG,actual,Retail,IRR,650000.0,0.51
2025-02-15,Tehran,Tehran,Tehran Market,1652,35.72,51.4,vegetables and fruits,Apples,345,KG,actual,Retail,IRR,650000.0,15.48
2025-06-15,Tehran,Tehran,Tehran Market,1652,35.72,51.4,cereals and tubers,Pasta,112,500 G,actual,Retail,IRR,300000.0,7.14
2026-01-15,Tehran,Tehran,Tehran Market,1652,35.72,51.4,pulses and nuts,Beans (kidney red),206,900 G,actual,Retail,IRR,4300000.0,4.04
2026-02-15,Tehran,Tehran,Tehran Market,1652,35.72,51.4,pulses and nuts,Chickpeas,244,900 G,actual,Retail,IRR,3500000.0,2.74
2025-02-15,Tehran,Tehran,Tehran Market,1652,35.72,51.4,pulses and nuts,Beans (kidney red),206,900 G,actual,Retail,IRR,1850000.0,44.05
2025-03-15,Tehran,Tehran,Tehran Market,1652,35.72,51.4,milk and dairy,Milk (pasteurized),463,200 ML,actual,Retail,IRR,140000.0,3.33
2026-02-15,Tehran,Tehran,Tehran Market,1652,35.72,51.4,non-food,Bleach (chlorine),879,750 G,actual,Retail,IRR,830000.0,0.65
2025-07-15,Tehran,Tehran,Tehran Market,1652,35.72,51.4,cereals and tubers,Rice,52,KG,actual,Retail,IRR,2000000.0,47.62
2026-02-15,Tehran,Tehran,Tehran Market,1652,35.72,51.4,miscellaneous food,Tomatoes (paste),317,KG,actual,Retail,IRR,1200000.0,0.94
2025-02-15,Tehran,Tehran,Tehran Market,1652,35.72,51.4,milk and dairy,Cheese (local),314,450 G,actual,Retail,IRR,640000.0,15.24
2025-09-15,Tehran,Tehran,Tehran Market,1652,35.72,51.4,non-food,Bleach (chlorine),879,750 G,actual,Retail,IRR,798000.0,18.98
2025-08-15,Tehran,Tehran,Tehran Market,1652,35.72,51.4,pulses and nuts,Chickpeas,244,900 G,actual,Retail,IRR,2000000.0,47.62
2025-08-15,Tehran,Tehran,Tehran Market,1652,35.72,51.4,"meat, fish and eggs",Eggs,92,1.8 KG,actual,Retail,IRR,1600000.0,38.09
2025-12-15,Tehran,Tehran,Tehran Market,1652,35.72,51.4,miscellaneous food,Sugar (white),349,KG,actual,Retail,IRR,650000.0,15.46
2025-10-15,Tehran,Tehran,Tehran Market,1652,35.72,51.4,milk and dairy,Milk (pasteurized),463,200 ML,actual,Retail,IRR,180000.0,4.28
2025-02-15,Tehran,Tehran,Tehran Market,1652,35.72,51.4,miscellaneous food,Sugar (white),349,KG,actual,Retail,IRR,520000.0,12.38
2025-02-15,Tehran,Tehran,Tehran Market,1652,35.72,51.4,miscellaneous food,Tea (black),175,500 G,actual,Retail,IRR,2000000.0,47.62
2025-07-15,Tehran,Tehran,Tehran Market,1652,35.72,51.4,cereals and tubers,Potatoes,83,KG,actual,Retail,IRR,500000.0,11.9
2025-09-15,Tehran,Tehran,Tehran Market,1652,35.72,51.4,oil and fats,Oil (vegetable),96,810 G,actual,Retail,IRR,726000.0,17.27
2026-04-15,Tehran,Tehran,Tehran Market,1652,35.72,51.4,vegetables and fruits,Apples,345,KG,aggregate,Retail,IRR,2000000.0,192.18
2026-02-15,Tehran,Tehran,Tehran Market,1652,35.72,51.4,milk and dairy,Yogurt,364,KG,actual,Retail,IRR,1210000.0,0.95
2026-03-15,Tehran,Tehran,Tehran Market,1652,35.72,51.4,cereals and tubers,Wheat flour,58,KG,aggregate,Retail,IRR,520000.0,0.39
2025-08-15,Tehran,Tehran,Tehran Market,1652,35.72,51.4,cereals and tubers,Pasta,112,500 G,actual,Retail,IRR,300000.0,7.14
2026-02-15,Tehran,Tehran,Tehran Market,1652,35.72,51.4,cereals and tubers,Wheat flour,58,KG,actual,Retail,IRR,520000.0,0.41
2026-03-15,Tehran,Tehran,Tehran Market,1652,35.72,51.4,non-food,Alcohol (spray),878,500 ML,aggregate,Retail,IRR,1500000.0,1.14
2025-09-15,Tehran,Tehran,Tehran Market,1652,35.72,51.4,milk and dairy,Milk (pasteurized),463,200 ML,actual,Retail,IRR,170000.0,4.04
2025-05-15,Tehran,Tehran,Tehran Market,1652,35.72,51.4,oil and fats,Oil (vegetable),96,810 G,actual,Retail,IRR,580000.0,13.81
2025-10-15,Tehran,Tehran,Tehran Market,1652,35.72,51.4,cereals and tubers,Wheat flour,58,KG,actual,Retail,IRR,235000.0,5.59
2025-12-15,Tehran,Tehran,Tehran Market,1652,35.72,51.4,miscellaneous food,Salt (iodised),334,500 G,actual,Retail,IRR,170000.0,4.04
2025-06-15,Tehran,Tehran,Tehran Market,1652,35.72,51.4,non-food,Bleach (chlorine),879,750 G,actual,Retail,IRR,698000.0,16.62
2026-01-15,Tehran,Tehran,Tehran Market,1652,35.72,51.4,milk and dairy,Cheese (local),314,450 G,actual,Retail,IRR,1200000.0,1.13
2025-04-15,Tehran,Tehran,Tehran Market,1652,35.72,51.4,milk and dairy,Yogurt,364,KG,actual,Retail,IRR,507000.0,12.07
2025-02-15,Tehran,Tehran,Tehran Market,1652,35.72,51.4,cereals and tubers,Wheat flour,58,KG,actual,Retail,IRR,180000.0,4.29
2025-08-15,Tehran,Tehran,Tehran Market,1652,35.72,51.4,vegetables and fruits,Apples,345,KG,actual,Retail,IRR,1000000.0,23.81
2026-03-15,Tehran,Tehran,Tehran Market,1652,35.72,51.4,vegetables and fruits,Parsley,469,KG,aggregate,Retail,IRR,636666.66,0.48
2025-09-15,Tehran,Tehran,Tehran Market,1652,35.72,51.4,"meat, fish and eggs","Fish (tuna, canned)",322,180 G,actual,Retail,IRR,980000.0,23.31
2026-04-15,Tehran,Tehran,Tehran Market,1652,35.72,51.4,cereals and tubers,Pasta,112,500 G,aggregate,Retail,IRR,540000.0,51.89
2025-02-15,Tehran,Tehran,Tehran Market,1652,35.72,51.4,pulses and nuts,Chickpeas,244,900 G,actual,Retail,IRR,1450000.0,34.52
2025-09-15,Tehran,Tehran,Tehran Market,1652,35.72,51.4,vegetables and fruits,Parsley,469,KG,actual,Retail,IRR,450000.0,10.7
2026-03-15,Tehran,Tehran,Tehran Market,1652,35.72,51.4,non-food,Handwash soap,541,0.13 KG,aggregate,Retail,IRR,521333.33,0.4
2025-05-15,Tehran,Tehran,Tehran Market,1652,35.72,51.4,cereals and tubers,Potatoes,83,KG,actual,Retail,IRR,500000.0,11.9
2025-04-15,Tehran,Tehran,Tehran Market,1652,35.72,51.4,"meat, fish and eggs",Meat (chicken),94,KG,actual,Retail,IRR,1300000.0,30.95
2025-05-15,Tehran,Tehran,Tehran Market,1652,35.72,51.4,cereals and tubers,Pasta,112,500 G,actual,Retail,IRR,300000.0,7.14
2026-02-15,Tehran,Tehran,Tehran Market,1652,35.72,51.4,non-food,Handwash soap,541,0.13 KG,actual,Retail,IRR,500000.0,0.39
2025-12-15,Tehran,Tehran,Tehran Market,1652,35.72,51.4,milk and dairy,Yogurt,364,KG,actual,Retail,IRR,1080000.0,25.68
2026-01-15,Tehran,Tehran,Tehran Market,1652,35.72,51.4,vegetables and fruits,Eggplants,434,KG,actual,Retail,IRR,650000.0,0.61
2025-10-15,Tehran,Tehran,Tehran Market,1652,35.72,51.4,pulses and nuts,Lentils (green),549,900 G,actual,Retail,IRR,2200000.0,52.3
2025-01-15,Tehran,Tehran,Tehran Market,1652,35.72,51.4,miscellaneous food,Tomatoes (paste),317,KG,actual,Retail,IRR,750000.0,17.86
2025-10-15,Tehran,Tehran,Tehran Market,1652,35.72,51.4,cereals and tubers,Pasta,112,500 G,actual,Retail,IRR,340000.0,8.08
2025-12-15,Tehran,Tehran,Tehran Market,1652,35.72,51.4,oil and fats,Oil (sunflower),184,810 G,actual,Retail,IRR,726000.0,17.27
2026-03-15,Tehran,Tehran,Tehran Market,1652,35.72,51.4,vegetables and fruits,Eggplants,434,KG,aggregate,Retail,IRR,953333.33,0.72
2025-09-15,Tehran,Tehran,Tehran Market,1652,35.72,51.4,vegetables and fruits,Onions,173,KG,actual,Retail,IRR,350000.0,8.32
2025-06-15,Tehran,Tehran,Tehran Market,1652,35.72,51.4,non-food,Shampoo,545,450 ML,actual,Retail,IRR,790000.0,18.81
2025-03-15,Tehran,Tehran,Tehran Market,1652,35.72,51.4,cereals and tubers,Rice,52,KG,actual,Retail,IRR,950000.0,22.62
2025-09-15,Tehran,Tehran,Tehran Market,1652,35.72,51.4,cereals and tubers,Rice,52,KG,actual,Retail,IRR,2200000.0,52.32
